date,close,Najwyzszy,Najnizszy,Zamkniecie,Wolumen
2012/10/25,21.493,21.493,21.493,21.493,208479
2012/10/26,23.479,23.479,23.479,23.479,105834
2012/10/31,25.738,25.738,25.738,25.738,100182
2012/11/01,28.266,28.266,28.266,28.266,69911
2012/11/02,28.266,28.266,28.266,28.266,164315
2012/11/05,28.266,28.266,28.266,28.266,74958
2012/11/06,28.447,28.447,28.447,28.447,47146
2012/11/07,29.8,29.8,29.8,29.8,23431
2012/11/08,27.363,27.363,27.363,27.363,3871
2012/11/09,27.905,27.905,27.905,27.905,9523
2012/11/12,26.911,26.911,26.911,26.911,12243
2012/11/13,27.091,27.091,27.091,27.091,22776
2012/11/14,28.266,28.266,28.266,28.266,10282
2012/11/15,28.717,28.717,28.717,28.717,19294
2012/11/16,28.447,28.447,28.447,28.447,6880
2012/11/19,27.363,27.363,27.363,27.363,2551
2012/11/20,27.363,27.363,27.363,27.363,6351
2012/11/21,26.911,26.911,26.911,26.911,5178
2012/11/23,27.363,27.363,27.363,27.363,18059
2012/11/26,27.815,27.815,27.815,27.815,6926
2012/11/27,28.266,28.266,28.266,28.266,17012
2012/11/28,28.447,28.447,28.447,28.447,20577
2012/11/29,29.168,29.168,29.168,29.168,21810
2012/11/30,29.259,29.259,29.259,29.259,11937
2012/12/03,29.351,29.351,29.351,29.351,5010
2012/12/04,30.524,30.524,30.524,30.524,16837
2012/12/05,32.782,32.782,32.782,32.782,11504
2012/12/06,31.608,31.608,31.608,31.608,5188
2012/12/07,32.871,32.871,32.871,32.871,19726
2012/12/10,33.865,33.865,33.865,33.865,22045
2012/12/11,34.138,34.138,34.138,34.138,16473
2012/12/12,33.865,33.865,33.865,33.865,3452
2012/12/13,32.961,32.961,32.961,32.961,5470
2012/12/14,32.961,32.961,32.961,32.961,16281
2012/12/17,32.511,32.511,32.511,32.511,22921
2012/12/18,33.142,33.142,33.142,33.142,6038
2012/12/19,33.685,33.685,33.685,33.685,10802
2012/12/20,34.138,34.138,34.138,34.138,19074
2012/12/21,35.401,35.401,35.401,35.401,13097
2012/12/24,35.039,35.039,35.039,35.039,9782
2012/12/26,34.769,34.769,34.769,34.769,3016
2012/12/27,34.497,34.497,34.497,34.497,5628
2012/12/28,34.316,34.316,34.316,34.316,5031
2012/12/31,34.769,34.769,34.769,34.769,9466
2013/01/02,34.587,34.587,34.587,34.587,5405
2013/01/03,33.865,33.865,33.865,33.865,21983
2013/01/04,34.138,34.138,34.138,34.138,7069
2013/01/07,34.497,34.497,34.497,34.497,7302
2013/01/08,34.769,34.769,34.769,34.769,8915
2013/01/09,34.769,34.769,34.769,34.769,9523
2013/01/10,34.316,34.316,34.316,34.316,11207
2013/01/11,33.865,33.865,33.865,33.865,13812
2013/01/14,33.413,33.413,33.413,33.413,13142
2013/01/15,33.413,33.413,33.413,33.413,22776
2013/01/16,32.871,32.871,32.871,32.871,8778
2013/01/17,32.782,32.782,32.782,32.782,3557
2013/01/18,32.782,32.782,32.782,32.782,10991
2013/01/22,33.685,33.685,33.685,33.685,19813
2013/01/23,34.587,34.587,34.587,34.587,8829
2013/01/24,34.587,34.587,34.587,34.587,9560
2013/01/25,33.413,33.413,33.413,33.413,16358
2013/01/28,33.865,33.865,33.865,33.865,5784
2013/01/29,34.227,34.227,34.227,34.227,20313
2013/01/30,34.316,34.316,34.316,34.316,9010
2013/01/31,34.587,34.587,34.587,34.587,7459
2013/02/01,34.227,34.227,34.227,34.227,2913
2013/02/04,34.587,34.587,34.587,34.587,8271
2013/02/05,34.769,34.769,34.769,34.769,5784
2013/02/06,35.221,35.221,35.221,35.221,5861
2013/02/07,36.123,36.123,36.123,36.123,15171
2013/02/08,35.49,35.49,35.49,35.49,17972
2013/02/11,35.49,35.49,35.49,35.49,6011
2013/02/12,35.49,35.49,35.49,35.49,2526
2013/02/13,35.49,35.49,35.49,35.49,6543
2013/02/14,35.941,35.941,35.941,35.941,21005
2013/02/15,36.123,36.123,36.123,36.123,24494
2013/02/19,36.123,36.123,36.123,36.123,13138
2013/02/20,36.846,36.846,36.846,36.846,12515
2013/02/21,39.553,39.553,39.553,39.553,21975
2013/02/22,40.638,40.638,40.638,40.638,17761
2013/02/25,40.638,40.638,40.638,40.638,12943
2013/02/26,41.813,41.813,41.813,41.813,11040
2013/02/27,41.813,41.813,41.813,41.813,7079
2013/02/28,41.722,41.722,41.722,41.722,2531
2013/03/01,41.361,41.361,41.361,41.361,3093
2013/03/04,40.908,40.908,40.908,40.908,5098
2013/03/05,41.089,41.089,41.089,41.089,12251
2013/03/06,40.908,40.908,40.908,40.908,10658
2013/03/07,40.458,40.458,40.458,40.458,6552
2013/03/08,41.813,41.813,41.813,41.813,4494
2013/03/11,44.972,44.972,44.972,44.972,24022
2013/03/12,44.972,44.972,44.972,44.972,34469
2013/03/13,44.882,44.882,44.882,44.882,5562
2013/03/14,43.799,43.799,43.799,43.799,9005
2013/03/15,44.251,44.251,44.251,44.251,17545
2013/03/18,44.972,44.972,44.972,44.972,3435
2013/03/19,44.522,44.522,44.522,44.522,10991
2013/03/20,44.251,44.251,44.251,44.251,3951
2013/03/21,44.612,44.612,44.612,44.612,4342
2013/03/22,44.972,44.972,44.972,44.972,4700
2013/03/25,45.424,45.424,45.424,45.424,9605
2013/03/26,45.876,45.876,45.876,45.876,10129
2013/03/27,46.509,46.509,46.509,46.509,12593
2013/03/28,46.779,46.779,46.779,46.779,9236
2013/04/01,47.232,47.232,47.232,47.232,10958
2013/04/02,47.232,47.232,47.232,47.232,13838
2013/04/03,47.682,47.682,47.682,47.682,11072
2013/04/04,50.843,50.843,50.843,50.843,13417
2013/04/05,51.747,51.747,51.747,51.747,15494
2013/04/08,50.843,50.843,50.843,50.843,14408
2013/04/09,49.94,49.94,49.94,49.94,8451
2013/04/10,49.488,49.488,49.488,49.488,6421
2013/04/11,48.766,48.766,48.766,48.766,6578
2013/04/12,47.41,47.41,47.41,47.41,12872
2013/04/15,45.153,45.153,45.153,45.153,22475
2013/04/16,45.876,45.876,45.876,45.876,11843
2013/04/17,47.41,47.41,47.41,47.41,8528
2013/04/18,49.216,49.216,49.216,49.216,15395
2013/04/19,50.391,50.391,50.391,50.391,19410
2013/04/22,51.475,51.475,51.475,51.475,19693
2013/04/23,51.024,51.024,51.024,51.024,20982
2013/04/24,51.747,51.747,51.747,51.747,14130
2013/04/25,52.648,52.648,52.648,52.648,13311
2013/04/26,56.262,56.262,56.262,56.262,14306
2013/04/29,55.991,55.991,55.991,55.991,20748
2013/04/30,54.003,54.003,54.003,54.003,12117
2013/05/01,51.475,51.475,51.475,51.475,20108
2013/05/02,52.648,52.648,52.648,52.648,14052
2013/05/03,51.926,51.926,51.926,51.926,14489
2013/05/06,49.216,49.216,49.216,49.216,12424
2013/05/07,44.522,44.522,44.522,44.522,17211
2013/05/08,44.522,44.522,44.522,44.522,18148
2013/05/09,44.972,44.972,44.972,44.972,15819
2013/05/10,45.153,45.153,45.153,45.153,14745
2013/05/13,44.972,44.972,44.972,44.972,10271
2013/05/14,44.069,44.069,44.069,44.069,18874
2013/05/15,41.813,41.813,41.813,41.813,28692
2013/05/16,41.813,41.813,41.813,41.813,16607
2013/05/17,40.908,40.908,40.908,40.908,18543
2013/05/20,40.186,40.186,40.186,40.186,13642
2013/05/21,38.381,38.381,38.381,38.381,26140
2013/05/22,35.221,35.221,35.221,35.221,24647
2013/05/23,36.846,36.846,36.846,36.846,25798
2013/05/24,37.93,37.93,37.93,37.93,7049
2013/05/28,40.186,40.186,40.186,40.186,15185
2013/05/29,40.638,40.638,40.638,40.638,21442
2013/05/30,41.541,41.541,41.541,41.541,23405
2013/05/31,41.632,41.632,41.632,41.632,32349
2013/06/03,42.354,42.354,42.354,42.354,12635
2013/06/04,41.541,41.541,41.541,41.541,23159
2013/06/05,40.458,40.458,40.458,40.458,15951
2013/06/06,40.458,40.458,40.458,40.458,7164
2013/06/07,40.727,40.727,40.727,40.727,14378
2013/06/10,39.192,39.285,39.192,39.285,24546
2013/06/11,38.832,40.006,38.832,40.006,2803
2013/06/12,39.824,41.451,39.824,41.361,7736
2013/06/13,41.541,41.541,40.908,40.908,26104
2013/06/14,41.541,42.262,41.541,42.262,13271
2013/06/17,42.444,42.444,41.994,42.354,17389
2013/06/18,42.262,42.262,41.903,42.084,14201
2013/06/19,41.903,41.903,41.903,41.903,7168
2013/06/20,41.813,41.903,41.541,41.903,13820
2013/06/21,42.444,42.444,42.354,42.354,5657
2013/06/24,42.084,42.262,42.084,42.262,8555
2013/06/25,42.084,42.444,42.084,42.173,8832
2013/06/26,42.084,42.084,40.727,40.727,10497
2013/06/27,41.089,41.361,40.186,41.361,13894
2013/06/28,40.638,40.638,39.285,39.735,10504
2013/07/01,40.278,40.638,40.278,40.638,3263
2013/07/02,39.735,40.638,39.735,40.638,5568
2013/07/03,41.541,42.444,41.541,42.444,10091
2013/07/05,42.354,43.167,42.354,43.167,4114
2013/07/08,43.346,45.424,43.346,44.251,16936
2013/07/09,44.251,46.96,44.251,46.96,11663
2013/07/10,48.585,50.572,48.585,50.572,8014
2013/07/11,51.747,52.379,51.475,51.475,25201
2013/07/12,51.475,52.379,51.475,52.199,22089
2013/07/15,52.379,55.991,52.379,55.991,13980
2013/07/16,55.086,55.991,55.086,55.086,20092
2013/07/17,54.185,54.185,51.926,52.379,11215
2013/07/18,50.572,52.379,49.94,50.572,19249
2013/07/19,51.024,54.185,51.024,53.282,12851
2013/07/22,53.282,55.359,53.282,53.552,13322
2013/07/23,53.552,53.552,52.379,52.83,17128
2013/07/24,52.83,54.635,52.199,54.635,18744
2013/07/25,54.185,54.635,52.83,53.282,8462
2013/07/26,54.185,54.185,53.732,54.185,7186
2013/07/29,54.185,54.185,53.732,53.732,9319
2013/07/30,52.83,53.282,52.199,52.379,10329
2013/07/31,52.199,53.101,52.199,52.379,8447
2013/08/01,51.747,52.648,51.475,51.475,18090
2013/08/02,51.926,52.648,51.926,51.926,9457
2013/08/05,51.475,51.475,50.843,50.843,6954
2013/08/06,51.294,51.475,51.294,51.475,14939
2013/08/07,51.475,52.379,51.475,51.926,21142
2013/08/08,52.199,52.83,52.199,52.379,25563
2013/08/09,53.101,53.101,51.926,51.926,3825
2013/08/12,53.282,56.442,53.282,56.442,13705
2013/08/13,56.895,58.7,56.895,58.248,13995
2013/08/14,58.7,60.506,57.616,57.616,21259
2013/08/15,58.248,58.7,57.795,57.795,18355
2013/08/16,58.7,59.873,57.795,59.603,10047
2013/08/19,64.569,67.73,64.569,66.827,30846
2013/08/20,65.473,65.473,62.764,63.667,38194
2013/08/21,60.776,65.021,60.776,62.764,21026
2013/08/22,63.486,65.473,62.583,65.473,23341
2013/08/23,69.806,76.31,69.806,74.954,27323
2013/08/26,76.58,84.257,76.58,80.825,30210
2013/08/27,80.825,83.533,77.032,80.825,39009
2013/08/28,79.019,82.18,79.019,81.547,24227
2013/08/29,82.18,85.159,82.18,85.159,101582
2013/08/30,84.437,84.708,82.902,84.708,71702
2013/09/03,82.63,83.533,82.63,82.63,21494
2013/09/04,81.277,83.354,79.019,79.289,38031
2013/09/05,78.116,78.116,75.858,76.761,28772
2013/09/06,82.18,82.18,78.838,81.728,57899
2013/09/09,79.742,79.742,78.567,79.47,21857
2013/09/10,78.116,78.116,67.279,72.245,24457
2013/09/11,72.245,73.149,69.99,71.342,51367
2013/09/12,72.245,75.858,72.245,75.858,29914
2013/09/13,74.503,80.192,74.503,80.192,53004
2013/09/16,81.999,88.05,81.999,86.243,49247
2013/09/17,83.986,86.243,83.986,85.791,17674
2013/09/18,89.855,93.016,88.05,91.211,21626
2013/09/19,92.564,97.084,89.855,96.639,30093
2013/09/20,102.05,114.24,99.344,112.44,40905
2013/09/23,111.98,117.4,106.57,110.17,59823
2013/09/24,108.82,115.13,106.11,111.07,73880
2013/09/25,111.52,112.88,110.62,111.07,43157
2013/09/26,111.98,119.65,110.17,110.17,88651
2013/09/27,101.13,111.07,101.13,105.2,56401
2013/09/30,104.3,112.88,101.13,103.86,81580
2013/10/01,101.13,103.86,98.879,102.05,26121
2013/10/02,106.11,106.11,102.95,103.86,27384
2013/10/03,106.11,106.11,101.61,101.61,89181
2013/10/04,99.344,106.11,99.344,104.76,53310
2013/10/07,106.11,108.82,106.11,107.93,52211
2013/10/08,104.3,107.46,104.3,106.11,23485
2013/10/09,108.37,115.58,108.37,115.58,77590
2013/10/10,119.21,126.43,117.4,117.86,80500
2013/10/11,130.95,140.87,129.59,140.87,74711
2013/10/14,144.05,144.05,130.05,133.21,136328
2013/10/15,130.49,131.85,121.91,127.34,122413
2013/10/16,135.47,144.5,134.11,143.15,49588
2013/10/17,145.85,145.85,140.87,143.15,87029
2013/10/18,144.5,144.5,138.18,140.42,47324
2013/10/21,140.87,140.87,134.11,138.18,80153
2013/10/22,140.42,140.42,133.66,133.66,33276
2013/10/23,126.43,133.21,126.43,131.4,42440
2013/10/24,120.12,132.3,120.12,126.43,38516
2013/10/25,132.3,133.66,127.34,130.95,28393
2013/10/28,141.32,146.75,141.32,146.75,118542
2013/10/29,143.59,144.5,131.85,135.91,91435
2013/10/30,131.4,139.99,131.4,137.72,34650
2013/10/31,128.23,133.21,126.88,126.88,25595
2013/11/01,124.62,124.62,122.38,123.27,37146
2013/11/04,134.11,134.11,128.23,128.23,18307
2013/11/05,130.95,130.95,129.14,130.05,21698
2013/11/06,129.14,129.14,125.51,126.43,15874
2013/11/07,128.23,128.23,122.83,124.16,11045
2013/11/08,124.16,128.23,124.16,127.79,17077
2013/11/11,127.79,130.95,127.79,130.49,20737
2013/11/12,131.85,134.55,131.85,133.21,30747
2013/11/13,130.49,131.85,129.59,130.05,15858
2013/11/14,128.69,130.05,126.88,128.69,49222
2013/11/15,125.97,125.97,121.46,121.91,42640
2013/11/18,114.24,118.77,114.24,117.4,51883
2013/11/19,118.77,118.77,109.73,111.52,21331
2013/11/20,107.93,111.52,103.4,108.82,74281
2013/11/21,109.28,109.28,100.7,104.3,21330
2013/11/22,110.62,114.24,110.62,112.44,27124
2013/11/25,115.13,117.86,112.44,117.4,28455
2013/11/26,117.4,117.4,111.52,111.52,23483
2013/11/27,105.67,105.67,97.084,97.983,32550
2013/11/29,97.983,102.95,97.983,97.983,92017
2013/12/02,95.725,100.7,95.725,99.344,24292
2013/12/03,99.344,100.23,96.639,97.523,44664
2013/12/04,89.404,89.404,81.728,85.34,24085
2013/12/05,90.76,90.76,86.063,89.855,18708
2013/12/06,93.016,93.016,88.05,88.05,28553
2013/12/09,88.951,88.951,88.501,88.951,11576
2013/12/10,83.082,85.612,83.082,83.533,9578
2013/12/11,85.34,87.146,85.34,85.791,20942
2013/12/12,82.63,84.708,77.665,83.082,13684
2013/12/13,85.159,86.243,83.082,83.986,44567
2013/12/16,81.547,83.533,79.742,79.92,10861
2013/12/17,79.92,79.92,75.407,76.129,17555
2013/12/18,76.129,76.129,71.795,72.245,26777
2013/12/19,72.245,73.149,70.891,72.245,68071
2013/12/20,73.871,76.761,73.871,76.761,46603
2013/12/23,77.665,85.791,77.665,85.159,45767
2013/12/24,85.34,89.404,83.533,89.223,251866
2013/12/26,89.404,93.923,85.791,85.791,89741
2013/12/27,89.404,90.307,85.791,87.598,39198
2013/12/30,87.598,87.598,83.805,84.889,52684
2013/12/31,84.437,87.417,84.437,85.34,46838
2014/01/02,85.612,85.612,82.902,83.082,42080
2014/01/03,79.019,81.277,78.567,80.374,55023
2014/01/06,81.277,81.277,77.213,78.838,14045
2014/01/07,74.052,74.323,71.342,73.149,23737
2014/01/08,74.323,75.858,73.871,74.503,17657
2014/01/09,70.891,72.698,70.891,72.245,12369
2014/01/10,69.99,73.871,69.99,73.149,45392
2014/01/13,72.969,74.503,71.795,74.323,59634
2014/01/14,78.567,78.567,75.858,77.213,55193
2014/01/15,78.567,84.889,78.567,84.889,27187
2014/01/16,85.34,90.307,82.18,89.404,53757
2014/01/17,88.951,91.662,87.146,88.05,55534
2014/01/21,85.34,86.063,81.096,81.728,38920
2014/01/22,80.825,84.708,80.825,84.257,34649
2014/01/23,87.146,89.404,84.889,84.889,35412
2014/01/24,83.986,86.243,82.63,85.791,26211
2014/01/27,83.986,83.986,81.547,81.547,13652
2014/01/28,82.18,83.082,81.277,82.18,32899
2014/01/29,83.354,85.34,83.354,84.708,12806
2014/01/30,81.277,83.082,81.096,83.082,17711
2014/01/31,82.18,83.082,81.728,81.728,13360
2014/02/03,82.902,82.902,81.547,81.999,5548
2014/02/04,82.902,84.437,82.902,83.986,16866
2014/02/05,83.533,84.257,82.45,83.986,10276
2014/02/06,83.533,85.159,83.354,84.257,9654
2014/02/07,86.063,93.016,86.063,92.564,44194
2014/02/10,94.827,97.523,94.374,94.827,174108
2014/02/11,94.827,99.344,94.374,99.344,51039
2014/02/12,98.425,98.425,93.923,94.374,83734
2014/02/13,94.827,94.827,90.76,91.211,28331
2014/02/14,91.662,94.374,91.662,92.564,15558
2014/02/18,93.923,93.923,92.564,92.564,8846
2014/02/19,92.113,93.016,89.404,90.127,29686
2014/02/20,89.404,89.404,86.514,86.695,56235
2014/02/21,86.695,86.695,81.728,83.533,18501
2014/02/24,86.695,86.695,83.082,83.354,12407
2014/02/25,81.728,81.728,79.019,79.92,20189
2014/02/26,79.92,83.354,79.92,82.63,42429
2014/02/27,83.082,83.082,81.096,81.096,32000
2014/02/28,82.63,82.63,78.567,78.567,46745
2014/03/03,79.47,80.374,78.116,78.838,24839
2014/03/04,79.47,83.082,79.47,81.547,74766
2014/03/05,82.18,84.889,81.277,82.63,20372
2014/03/06,81.277,82.63,81.277,82.18,11481
2014/03/07,79.019,79.92,78.567,79.019,48860
2014/03/10,77.665,77.665,76.761,77.483,17960
2014/03/11,75.407,75.407,72.698,74.323,33409
2014/03/12,72.698,72.698,67.73,67.73,59542
2014/03/13,66.646,68.181,64.569,67.279,86694
2014/03/14,65.473,66.827,65.473,65.924,43334
2014/03/17,65.473,65.924,64.569,64.842,18601
2014/03/18,64.569,64.569,60.506,62.764,31357
2014/03/19,62.311,64.117,62.311,64.117,24468
2014/03/20,62.764,63.667,61.86,62.311,26135
2014/03/21,65.021,65.292,63.938,65.292,26153
2014/03/24,63.938,64.569,62.764,63.938,14295
2014/03/25,63.033,63.938,63.033,63.667,18599
2014/03/26,65.292,66.827,65.292,66.194,37765
2014/03/27,65.743,65.743,62.764,63.215,30322
2014/03/28,61.409,61.68,60.325,61.228,31790
2014/03/31,61.409,62.583,61.409,62.132,9817
2014/04/01,62.132,63.667,62.132,63.667,9741
2014/04/02,62.132,62.764,60.957,61.68,7010
2014/04/03,62.764,62.764,60.957,62.132,13730
2014/04/04,60.957,60.957,60.056,60.957,7798
2014/04/07,61.86,61.86,60.776,61.86,9545
2014/04/08,62.132,63.667,62.132,62.311,10678
2014/04/09,63.938,65.924,63.938,65.924,34775
2014/04/10,66.376,66.827,65.021,65.924,26067
2014/04/11,65.924,65.924,64.117,65.473,26839
2014/04/14,65.021,65.473,63.938,65.292,18217
2014/04/15,65.743,67.73,65.743,67.279,18932
2014/04/16,67.73,71.795,67.73,71.614,57898
2014/04/17,74.503,79.289,73.871,77.936,114010
2014/04/21,78.838,78.838,74.954,76.761,66468
2014/04/22,75.858,75.858,72.245,73.601,33338
2014/04/23,72.969,74.774,72.245,74.052,44118
2014/04/24,70.891,71.795,69.537,71.614,41285
2014/04/25,72.698,72.698,70.71,70.71,18141
2014/04/28,69.537,70.71,69.086,70.71,18099
2014/04/29,68.181,70.259,68.001,70.259,120547
2014/04/30,70.891,71.342,68.634,69.99,38243
2014/05/01,69.806,70.259,68.634,68.904,47072
2014/05/02,67.73,68.181,66.827,68.001,21279
2014/05/05,65.473,67.73,65.473,67.73,15077
2014/05/06,67.73,69.086,67.73,68.634,19358
2014/05/07,69.806,69.806,67.73,67.73,28214
2014/05/08,67.73,67.73,64.569,65.473,22725
2014/05/09,60.957,62.132,58.7,61.318,93959
2014/05/12,63.215,64.299,61.86,63.215,32593
2014/05/13,60.957,60.957,59.151,59.873,41163
2014/05/14,58.248,59.965,58.158,59.151,16897
2014/05/15,58.61,58.61,55.811,57.346,46268
2014/05/16,58.248,59.151,57.346,58.248,63427
2014/05/19,56.442,58.971,56.442,58.7,25349
2014/05/20,57.346,58.519,56.712,58.519,15392
2014/05/21,56.442,57.346,55.811,56.171,37775
2014/05/22,57.074,58.067,57.074,57.436,55326
2014/05/23,57.887,60.776,57.887,59.061,52902
2014/05/27,56.895,56.895,55.539,56.352,27076
2014/05/28,57.346,57.346,55.901,57.346,16858
2014/05/29,55.086,55.086,51.565,53.282,35003
2014/05/30,53.823,54.546,51.747,51.747,54342
2014/06/02,49.579,49.67,47.051,49.67,48304
2014/06/03,54.456,54.635,53.01,53.732,60432
2014/06/04,54.185,55.991,53.282,55.086,30804
2014/06/05,52.468,54.185,49.67,50.301,30625
2014/06/06,53.462,55.991,53.462,55.539,21814
2014/06/09,55.991,56.623,54.364,55.177,41660
2014/06/10,55.811,55.811,54.275,55.086,16209
2014/06/11,54.818,55.719,54.635,55.086,26017
2014/06/12,54.185,54.185,52.108,52.74,30436
2014/06/13,52.379,52.379,50.572,51.475,32968
2014/06/16,52.379,52.83,51.384,52.83,17654
2014/06/17,52.379,52.379,51.294,51.655,7125
2014/06/18,49.579,49.579,46.688,47.864,57651
2014/06/19,47.41,49.216,47.41,48.947,43033
2014/06/20,49.67,49.67,46.509,46.509,80357
2014/06/23,46.87,47.5,46.599,47.5,82318
2014/06/24,46.87,46.87,45.153,45.516,41080
2014/06/25,45.605,45.605,44.701,44.793,22140
2014/06/26,44.251,44.251,41.994,42.805,25512
2014/06/27,42.444,42.444,40.096,40.727,34310
2014/06/30,38.742,38.742,37.206,37.93,58882
2014/07/01,39.192,41.903,38.922,41.541,81686
2014/07/02,41.903,41.903,40.908,41.18,54336
2014/07/03,40.819,41,40.186,41,10840
2014/07/07,41,41.722,40.186,41.632,9029
2014/07/08,43.257,43.528,42.084,42.716,39433
2014/07/09,43.346,45.153,43.346,43.979,20375
2014/07/10,43.709,43.89,42.262,43.89,29641
2014/07/11,44.069,45.153,43.167,44.432,13892
2014/07/14,44.432,46.87,44.432,45.967,49406
2014/07/15,47.864,48.044,46.237,46.237,49231
2014/07/16,46.056,46.328,44.34,44.701,17542
2014/07/17,43.799,44.612,42.986,44.432,19649
2014/07/18,42.716,44.161,42.173,44.161,34386
2014/07/21,44.251,45.153,43.709,44.701,16501
2014/07/22,44.251,44.251,42.535,43.346,14922
2014/07/23,44.34,44.793,43.528,44.522,7203
2014/07/24,47.864,47.953,46.056,46.599,74128
2014/07/25,46.147,47.14,45.605,46.056,82186
2014/07/28,47.41,48.766,46.779,48.134,91996
2014/07/29,49.94,51.024,49.127,50.03,83720
2014/07/30,50.753,51.565,49.67,51.294,57015
2014/07/31,52.288,52.288,49.67,51.114,74932
2014/08/01,50.932,51.294,49.849,51.294,42109
2014/08/04,50.932,51.024,49.76,51.024,27881
2014/08/05,50.12,53.371,50.12,53.101,25638
2014/08/06,52.016,53.732,52.016,53.282,32479
2014/08/07,51.565,52.016,49.76,50.753,27964
2014/08/08,48.766,51.294,48.675,50.843,118583
2014/08/11,52.288,53.732,51.475,53.371,31592
2014/08/12,54.364,55.448,54.185,54.908,38166
2014/08/13,55.811,55.811,54.185,55.359,33032
2014/08/14,55.086,57.616,55.086,57.255,46097
2014/08/15,55.086,58.248,54.818,56.442,14692
2014/08/18,55.359,56.442,54.185,54.635,40031
2014/08/19,57.346,57.346,55.991,55.991,56955
2014/08/20,56.623,56.802,55.177,55.177,21198
2014/08/21,54.185,54.635,52.016,52.468,23838
2014/08/22,53.282,53.552,49.849,53.282,27553
2014/08/25,51.475,52.379,50.572,51.294,21448
2014/08/26,50.572,51.294,50.391,51.294,17069
2014/08/27,52.83,53.01,51.926,52.199,31896
2014/08/28,52.199,52.379,50.664,51.475,12620
2014/08/29,50.664,52.379,50.572,52.288,12238
2014/09/02,52.919,55.901,51.926,54.726,25143
2014/09/03,55.991,56.802,55.086,55.539,45548
2014/09/04,56.895,58.067,56.895,57.705,59366
2014/09/05,56.442,57.346,55.991,56.171,24268
2014/09/08,55.991,56.352,55.448,55.629,22028
2014/09/09,57.705,57.705,56.623,56.895,18776
2014/09/10,56.802,57.705,56.08,57.436,15258
2014/09/11,55.991,57.255,55.539,57.255,23643
2014/09/12,57.163,59.151,57.074,58.7,18178
2014/09/15,60.506,61.318,60.056,60.145,21673
2014/09/16,60.867,60.867,59.603,59.603,16617
2014/09/17,59.331,59.331,57.978,58.61,21614
2014/09/18,59.061,60.056,57.163,57.527,42218
2014/09/19,55.991,56.895,55.086,55.086,40911
2014/09/22,51.024,53.732,51.024,53.191,89263
2014/09/23,52.379,52.379,49.849,51.475,41673
2014/09/24,51.024,52.016,50.12,50.572,11943
2014/09/25,50.301,50.572,47.864,48.766,17095
2014/09/26,47.864,48.675,46.599,46.779,20609
2014/09/29,48.134,48.766,46.328,48.766,13994
2014/09/30,47.321,48.044,46.779,47.864,15761
2014/10/01,48.495,49.67,48.405,49.216,26364
2014/10/02,48.224,48.675,46.237,47.771,23332
2014/10/03,46.688,47.864,45.153,45.605,23267
2014/10/06,46.779,47.232,43.346,43.437,41810
2014/10/07,41.541,42.896,41.451,41.994,30337
2014/10/08,41.994,44.522,41.722,43.346,17085
2014/10/09,45.153,45.153,43.346,44.251,23117
2014/10/10,47.051,47.051,45.424,46.147,27897
2014/10/13,46.147,46.237,43.346,43.346,24966
2014/10/14,41.722,44.701,41.361,43.979,32653
2014/10/15,41.994,43.89,40.819,41.541,33946
2014/10/16,41.632,42.896,41.089,41.994,65129
2014/10/17,42.716,44.34,42.084,44.34,15745
2014/10/20,45.244,45.786,44.522,45.424,22983
2014/10/21,45.063,45.244,42.896,44.701,21185
2014/10/22,44.701,44.701,43.619,43.89,11605
2014/10/23,42.625,43.619,41.813,42.444,17125
2014/10/24,40.819,41.903,39.013,39.192,50408
2014/10/27,37.477,39.735,37.477,39.464,54244
2014/10/28,39.464,39.645,35.581,36.846,28693
2014/10/29,37.025,40.548,36.214,39.285,37705
2014/10/30,39.285,39.917,37.025,39.285,20893
2014/10/31,40.186,40.186,38.832,38.922,11363
2014/11/03,40.186,40.638,39.375,39.375,30709
2014/11/04,37.93,39.285,37.658,38.381,24091
2014/11/05,37.93,38.29,37.477,37.748,22595
2014/11/06,39.375,39.553,38.832,39.192,15660
2014/11/07,39.917,41.18,39.735,39.735,13325
2014/11/10,39.464,39.735,38.651,39.645,8544
2014/11/11,39.735,40.368,39.013,39.464,4181
2014/11/12,38.832,39.735,38.2,39.192,16433
2014/11/13,39.285,40.096,39.285,39.735,30851
2014/11/14,39.735,40.638,39.645,40.548,15049
2014/11/17,39.285,40.727,38.471,40.638,16245
2014/11/18,38.832,41.269,38.832,41.089,10171
2014/11/19,41.541,42.896,41.541,42.896,16991
2014/11/20,44.34,44.882,43.528,44.522,38543
2014/11/21,44.161,46.237,43.979,46.237,19843
2014/11/24,47.682,48.947,46.509,46.509,41525
2014/11/25,47.41,48.766,46.96,47.864,26013
2014/11/26,47.321,47.321,46.599,46.779,11014
2014/11/28,43.89,45.786,43.89,45.063,16374
2014/12/01,47.41,48.314,46.599,48.314,19199
2014/12/02,50.572,51.024,47.953,49.216,46608
2014/12/03,48.947,49.849,48.224,48.856,19277
2014/12/04,47.232,48.675,47.232,48.134,6773
2014/12/05,48.856,49.308,47.953,49.308,13070
2014/12/08,49.037,50.664,48.947,50.391,24019
2014/12/09,50.572,52.199,50.391,51.926,28189
2014/12/10,51.024,52.74,50.843,51.836,13501
2014/12/11,52.108,52.919,51.926,51.926,12799
2014/12/12,50.932,52.199,49.849,50.572,8629
2014/12/15,49.67,51.204,49.216,49.399,8933
2014/12/16,49.94,51.384,49.94,50.12,5467
2014/12/17,50.12,50.12,47.592,47.592,13537
2014/12/18,47.321,47.321,45.605,45.696,19968
2014/12/19,46.056,48.675,46.056,48.405,11678
2014/12/22,47.771,49.127,47.321,47.41,8010
2014/12/23,47.41,47.41,46.056,46.509,6253
2014/12/24,46.509,46.96,46.056,46.237,3568
2014/12/26,46.056,46.056,45.063,45.244,17027
2014/12/29,47.5,47.5,46.417,46.96,23385
2014/12/30,46.779,47.14,46.147,47.14,3528
2014/12/31,46.96,49.037,46.96,48.766,8980
2015/01/02,50.211,51.747,50.211,51.475,19933
2015/01/05,50.664,52.379,50.664,51.475,43610
2015/01/06,50.843,52.108,50.843,52.108,10348
2015/01/07,52.199,52.288,51.836,52.108,16531
2015/01/08,51.836,52.74,51.836,52.648,10019
2015/01/09,52.648,53.552,52.108,52.379,13251
2015/01/12,51.655,52.199,51.384,51.926,15625
2015/01/13,51.024,51.926,50.843,51.926,6075
2015/01/14,51.565,52.83,51.565,52.016,43814
2015/01/15,51.475,52.379,50.664,50.932,6908
2015/01/16,49.849,51.475,49.849,51.475,4654
2015/01/20,52.379,52.379,50.12,51.475,11637
2015/01/21,49.849,50.572,48.766,49.399,20680
2015/01/22,50.12,50.12,46.96,46.96,21404
2015/01/23,46.599,46.599,45.334,45.334,21100
2015/01/26,45.605,47.14,45.605,45.967,11493
2015/01/27,47.321,47.321,46.056,46.237,4623
2015/01/28,46.056,46.056,44.432,45.153,12075
2015/01/29,44.701,46.056,43.709,44.882,16250
2015/01/30,44.701,45.605,43.709,45.063,15958
2015/02/02,44.793,45.605,44.793,45.605,11287
2015/02/03,45.696,47.321,45.696,47.321,7989
2015/02/04,47.864,48.314,46.96,47.864,8243
2015/02/05,46.599,48.947,46.599,48.947,9140
2015/02/06,48.495,48.495,47.14,48.044,9565
2015/02/09,47.5,48.766,47.5,48.314,9145
2015/02/10,47.592,48.495,47.41,48.495,11999
2015/02/11,49.216,49.216,47.864,48.405,14321
2015/02/12,47.682,47.864,46.599,46.599,5148
2015/02/13,46.509,46.688,43.619,44.161,8756
2015/02/17,44.251,44.251,42.262,42.262,8336
2015/02/18,41.541,43.346,41.541,43.346,8394
2015/02/19,43.167,45.876,43.167,45.153,18976
2015/02/20,45.153,46.328,44.701,46.328,17843
2015/02/23,45.153,46.056,44.251,44.251,8215
2015/02/24,43.078,43.619,41.541,42.986,10122
2015/02/25,45.605,45.605,43.346,45.063,64580
2015/02/26,45.153,45.153,43.346,43.437,23061
2015/02/27,44.251,45.063,43.619,44.34,3520
2015/03/02,43.799,43.799,42.084,42.354,2983
2015/03/03,41.722,42.535,41.632,42.173,2128
2015/03/04,41.541,42.262,41.541,41.994,2257
2015/03/05,41.541,41.994,39.917,39.917,8313
2015/03/06,37.387,39.464,37.387,38.561,24548
2015/03/09,39.645,39.645,37.477,38.019,7855
2015/03/10,39.824,39.824,36.936,37.477,9709
2015/03/11,37.477,38.651,37.477,38.29,9444
2015/03/12,39.013,39.553,38.109,39.285,32376
2015/03/13,40.368,40.368,39.645,40.278,18522
2015/03/16,40.006,40.096,39.735,40.006,9507
2015/03/17,39.735,40.006,39.103,40.006,13391
2015/03/18,40.096,41.089,40.096,40.638,13836
2015/03/19,39.735,40.548,39.735,40.186,1604
2015/03/20,40.186,40.638,39.735,40.548,4220
2015/03/23,40.368,40.638,39.735,40.638,2811
2015/03/24,40.458,40.458,39.735,39.735,1190
2015/03/25,37.748,38.832,37.748,38.2,8514
2015/03/26,39.285,39.735,37.025,37.477,47580
2015/03/27,37.658,37.93,37.025,37.025,1868
2015/03/30,37.658,37.93,36.846,37.93,5939
2015/03/31,37.84,37.84,36.123,36.304,6610
2015/04/01,36.574,36.574,34.858,35.221,9177
2015/04/02,34.497,34.948,32.693,34.948,20722
2015/04/06,34.316,35.221,34.227,34.407,2136
2015/04/07,33.774,35.31,33.774,34.948,5877
2015/04/08,34.858,35.039,32.782,33.595,8509
2015/04/09,33.685,34.497,33.595,33.595,4865
2015/04/10,34.769,34.769,33.595,33.595,6481
2015/04/13,33.413,33.595,32.961,33.413,3067
2015/04/14,33.053,34.227,32.961,33.865,5044
2015/04/15,34.227,34.316,33.865,33.955,6393
2015/04/16,34.046,34.407,33.955,34.227,10531
2015/04/17,34.227,34.587,33.685,33.685,9076
2015/04/20,34.138,34.497,33.413,33.413,6802
2015/04/21,33.413,34.316,33.323,33.955,2730
2015/04/22,34.677,35.221,34.138,34.858,12788
2015/04/23,34.769,34.948,34.227,34.316,12109
2015/04/24,34.138,34.948,33.955,34.769,11184
2015/04/27,35.221,35.221,33.685,33.685,14386
2015/04/28,32.511,33.323,31.518,33.233,17531
2015/04/29,33.413,33.955,32.693,33.413,3938
2015/04/30,33.323,33.323,30.884,31.427,12353
2015/05/01,30.704,31.156,29.8,29.894,7510
2015/05/04,30.614,30.614,29.8,30.254,1646
2015/05/05,31.245,31.518,30.524,30.977,3187
2015/05/06,30.704,31.336,29.983,30.614,1294
2015/05/07,29.079,30.704,28.447,29.71,8582
2015/05/08,29.621,30.254,29.168,29.529,2415
2015/05/11,29.441,30.342,29.441,29.8,4994
2015/05/12,30.254,30.254,29.8,29.8,8332
2015/05/13,29.894,31.97,28.99,31.608,36989
2015/05/14,30.884,31.97,30.433,30.433,2035
2015/05/15,31.156,31.156,29.983,29.983,1528
2015/05/18,31.156,31.156,29.8,30.342,559
2015/05/19,30.977,30.977,29.259,29.894,2111
2015/05/20,31.066,31.066,29.894,30.254,9348
2015/05/21,29.983,30.254,29.8,30.254,50476
2015/05/22,30.254,30.614,29.894,30.342,9421
2015/05/26,31.156,32.149,31.156,32.149,39074
2015/05/27,32.601,34.769,32.059,33.955,13540
2015/05/28,35.131,36.304,33.955,34.769,34275
2015/05/29,35.31,35.31,34.316,34.587,5494
2015/06/01,33.142,35.672,33.142,34.407,18304
2015/06/02,35.221,37.477,35.221,37.387,14440
2015/06/03,39.103,39.735,36.214,37.025,37683
2015/06/04,35.762,36.484,35.49,36.032,21972
2015/06/05,35.221,36.756,34.769,35.221,13292
2015/06/08,34.948,36.032,34.948,36.032,10645
2015/06/09,38.019,38.019,36.123,36.123,33600
2015/06/10,35.49,37.568,35.49,37.568,11845
2015/06/11,38.381,39.285,38.2,38.832,42267
2015/06/12,39.553,42.354,39.375,42.262,36901
2015/06/15,43.167,43.437,41.632,42.444,23282
2015/06/16,40.638,42.444,40.638,40.819,22816
2015/06/17,40.908,41.632,39.917,41.632,17111
2015/06/18,43.437,43.437,41.269,41.541,22708
2015/06/19,42.354,42.354,41.451,41.541,14713
2015/06/22,42.173,42.262,41.361,41.541,17600
2015/06/23,42.262,42.262,41,41.541,9189
2015/06/24,41.994,42.084,41.361,42.084,16355
2015/06/25,42.173,42.986,41.994,42.262,21857
2015/06/26,42.716,43.078,40.638,40.908,25538
2015/06/29,42.173,42.896,41.632,42.896,28961
2015/06/30,45.153,46.417,44.251,46.056,51326
2015/07/01,46.779,47.41,45.605,46.056,33691
2015/07/02,45.605,45.876,44.251,44.701,35461
2015/07/06,45.876,45.876,42.084,43.528,34027
2015/07/07,43.89,43.89,42.535,42.896,8574
2015/07/08,41.994,42.896,41.722,41.813,35846
2015/07/09,41.541,41.541,38.832,41.361,41149
2015/07/10,41.541,41.994,39.735,39.735,30976
2015/07/13,38.922,40.368,38.922,39.103,22756
2015/07/14,39.103,40.548,39.103,40.186,15990
2015/07/15,40.278,40.368,39.645,40.096,11599
2015/07/16,40.006,40.278,39.735,39.824,10238
2015/07/17,39.917,40.638,39.464,39.735,12552
2015/07/20,39.735,40.096,39.375,39.464,6094
2015/07/21,40.006,41.361,40.006,41.361,8655
2015/07/22,41.903,42.354,41.361,41.541,21734
2015/07/23,41.994,42.805,41.813,41.903,15067
2015/07/24,40.819,41.994,40.638,40.727,5818
2015/07/27,40.638,41.361,40.638,40.908,3806
2015/07/28,40.186,40.908,39.735,40.908,10324
2015/07/29,41.18,41.18,40.186,41.089,6064
2015/07/30,40.638,41.18,39.285,39.285,14143
2015/07/31,38.019,39.013,37.93,38.832,19017
2015/08/03,38.832,40.006,38.381,38.651,7962
2015/08/04,38.832,40.638,38.832,40.548,4143
2015/08/05,40.908,40.908,40.186,40.638,9852
2015/08/06,40.186,40.638,40.186,40.186,3133
2015/08/07,39.375,39.553,37.477,38.651,5325
2015/08/10,37.93,39.013,37.93,38.832,1703
2015/08/11,39.192,39.192,38.2,38.651,1588
2015/08/12,38.832,38.922,37.93,38.019,3971
2015/08/13,38.381,38.561,37.568,38.561,12898
2015/08/14,39.013,41.541,38.832,41.541,16894
2015/08/17,42.444,44.701,42.444,44.251,25165
2015/08/18,45.153,46.056,43.89,45.244,17846
2015/08/19,43.799,45.424,43.799,44.251,25965
2015/08/20,44.161,47.864,43.799,47.592,25604
2015/08/21,47.592,49.488,43.528,46.417,32545
2015/08/24,45.605,47.864,44.882,47.232,18265
2015/08/25,46.147,46.509,45.696,46.237,5952
2015/08/26,45.516,47.41,44.972,47.321,12804
2015/08/27,47.051,47.682,46.96,47.41,13176
2015/08/28,48.224,49.67,47.953,48.585,8104
2015/08/31,48.766,48.947,46.599,46.87,15213
2015/09/01,46.599,46.779,45.334,45.334,17619
2015/09/02,45.605,48.766,45.605,47.953,14554
2015/09/03,48.044,48.314,47.051,47.864,7639
2015/09/04,47.864,48.314,47.14,47.864,2633
2015/09/08,47.41,47.864,46.509,46.96,6676
2015/09/09,46.056,46.96,44.522,44.612,24799
2015/09/10,44.432,44.612,43.528,43.528,22591
2015/09/11,43.078,43.078,41.994,42.535,10299
2015/09/14,43.167,43.346,42.262,42.896,9093
2015/09/15,43.437,43.619,41.722,42.444,6426
2015/09/16,42.354,42.444,41.813,42.262,8955
2015/09/17,41.722,42.262,41.632,41.632,12214
2015/09/18,41.632,43.078,41.632,42.625,8351
2015/09/21,42.444,43.167,41.994,42.444,3458
2015/09/22,43.078,43.619,42.535,43.257,3276
2015/09/23,44.251,44.701,43.346,43.437,13622
2015/09/24,44.069,44.069,42.805,43.346,2248
2015/09/25,42.625,43.799,42.625,43.799,10651
2015/09/28,44.701,44.701,43.437,43.437,6505
2015/09/29,43.346,43.799,42.625,42.625,5362
2015/09/30,42.262,42.716,41.722,41.722,5506
2015/10/01,41.541,41.541,40.819,40.819,5143
2015/10/02,40.458,41,40.368,41,6815
2015/10/05,41.632,42.173,40.186,40.186,9043
2015/10/06,40.186,40.186,39.285,39.917,3655
2015/10/07,40.186,40.368,39.553,39.917,32258
2015/10/08,40.908,40.908,38.381,38.381,34634
2015/10/09,39.375,39.375,38.109,38.381,10067
2015/10/12,38.561,39.285,38.109,39.013,9233
2015/10/13,39.103,39.103,37.93,38.381,12658
2015/10/14,40.186,40.638,39.192,39.735,56792
2015/10/15,40.186,40.278,39.375,40.096,20303
2015/10/16,39.553,40.006,39.285,40.006,14960
2015/10/19,40.096,41.451,40.096,40.819,21247
2015/10/20,41.089,41.903,41.089,41.089,24256
2015/10/21,41.541,41.722,40.186,40.186,8923
2015/10/22,39.553,39.824,39.013,39.192,20423
2015/10/23,38.832,39.464,38.29,39.013,7003
2015/10/26,39.192,39.645,38.922,38.922,16899
2015/10/27,39.013,39.013,38.832,38.922,1555
2015/10/28,39.375,39.375,38.922,38.922,536
2015/10/29,39.192,39.192,38.29,38.651,7269
2015/10/30,38.29,38.832,38.29,38.651,3220
2015/11/02,38.832,38.832,38.381,38.381,3580
2015/11/03,38.832,39.285,38.29,39.013,4521
2015/11/04,40.096,40.096,39.013,39.013,2985
2015/11/05,38.381,39.103,38.381,39.013,1323
2015/11/06,39.285,39.285,38.832,39.192,3360
2015/11/09,39.013,39.103,38.561,38.922,8801
2015/11/10,38.651,39.285,38.109,38.29,908
2015/11/11,38.109,38.29,36.123,37.025,24918
2015/11/12,36.304,36.936,35.672,36.304,22306
2015/11/13,36.123,36.936,35.762,36.665,5930
2015/11/16,36.936,36.936,35.941,36.123,6882
2015/11/17,36.393,37.93,36.032,37.477,21871
2015/11/18,37.658,37.84,37.025,37.658,12933
2015/11/19,37.568,37.658,37.025,37.206,16619
2015/11/20,37.477,37.477,36.393,37.477,6129
2015/11/23,38.29,38.29,37.115,37.658,7383
2015/11/24,37.93,38.109,37.658,38.019,11625
2015/11/25,37.93,38.381,37.93,38.29,7840
2015/11/27,38.561,39.375,38.471,38.742,8940
2015/11/30,38.651,39.013,38.561,38.832,10267
2015/12/01,38.651,38.832,38.471,38.651,3389
2015/12/02,38.742,38.832,37.477,38.742,7896
2015/12/03,37.658,38.381,36.393,37.025,5041
2015/12/04,36.846,37.387,36.484,37.387,3885
2015/12/07,36.846,38.29,36.846,38.29,3692
2015/12/08,36.756,37.748,36.756,37.658,2587
2015/12/09,37.748,37.748,37.115,37.568,1060
2015/12/10,37.748,37.748,37.206,37.658,817
2015/12/11,38.019,38.019,37.297,37.748,740
2015/12/14,36.665,36.665,34.138,34.138,37927
2015/12/15,33.774,33.774,30.342,31.608,113270
2015/12/16,32.239,32.239,29.983,30.073,36782
2015/12/17,29.079,30.162,28.176,29.8,97045
2015/12/18,29.529,30.614,28.808,29.894,23710
2015/12/21,30.073,30.524,29.621,29.71,20604
2015/12/22,30.073,30.162,29.351,29.8,9758
2015/12/23,29.894,32.059,29.894,32.059,46071
2015/12/24,32.693,33.053,31.245,31.336,74388
2015/12/28,31.698,31.788,31.156,31.245,10957
2015/12/29,31.156,31.518,30.254,31.066,19251
2015/12/30,30.977,31.066,29.894,29.894,10171
2015/12/31,29.983,30.614,29.894,30.342,8325
2016/01/04,30.704,31.066,30.254,30.254,5080
2016/01/05,30.433,31.245,30.342,31.066,17724
2016/01/06,31.788,32.601,31.788,31.877,43939
2016/01/07,32.059,32.33,31.97,32.33,9076
2016/01/08,32.239,32.42,32.059,32.239,2544
2016/01/11,32.33,32.782,31.97,32.782,15341
2016/01/12,32.511,32.782,32.059,32.149,14551
2016/01/13,31.97,32.149,31.698,31.97,1638
2016/01/14,32.059,32.059,31.336,31.518,4436
2016/01/15,30.433,30.704,30.342,30.433,20724
2016/01/19,30.254,31.427,30.254,30.794,6054
2016/01/20,30.884,31.427,30.884,31.066,6428
2016/01/21,31.427,31.427,30.433,30.614,5296
2016/01/22,31.608,31.608,30.614,30.704,14642
2016/01/25,30.614,30.614,29.894,30.342,14277
2016/01/26,30.614,31.245,30.342,30.977,25830
2016/01/27,31.336,31.518,30.977,31.156,4233
2016/01/28,30.433,30.884,30.342,30.433,25724
2016/01/29,30.794,30.884,30.433,30.884,26158
2016/02/01,30.524,31.427,30.524,31.066,12310
2016/02/02,31.156,31.245,30.342,30.704,17707
2016/02/03,30.884,30.884,29.983,30.433,468
2016/02/04,28.176,29.621,28.176,28.626,13035
2016/02/05,29.168,29.621,29.168,29.529,6429
2016/02/08,29.441,29.621,28.176,28.266,21226
2016/02/09,28.085,28.899,28.085,28.538,8081
2016/02/10,28.538,28.899,27.815,28.176,28624
2016/02/11,27.545,27.724,26.822,27.274,13585
2016/02/12,27.905,28.176,27.363,27.363,8624
2016/02/16,27.454,28.447,27.454,28.266,12039
2016/02/17,28.808,28.808,27.905,28.357,2977
2016/02/18,28.447,29.351,28.447,28.99,12952
2016/02/19,29.351,29.351,28.538,28.899,6188
2016/02/22,28.266,28.447,27.905,28.266,21099
2016/02/23,28.538,28.99,27.274,27.815,8254
2016/02/24,27.815,27.815,27.182,27.363,800
2016/02/25,27.994,27.994,27.091,27.724,5380
2016/02/26,27.994,28.899,27.724,28.899,8357
2016/02/29,29.168,29.351,27.994,28.176,10491
2016/03/01,27.994,27.994,27.182,27.724,3359
2016/03/02,26.911,27.634,26.73,27.091,4238
2016/03/03,27.091,27.545,27.091,27.274,12535
2016/03/04,27.091,27.091,24.563,26.189,11520
2016/03/07,26.37,27.634,24.835,25.285,16027
2016/03/08,25.196,26.64,24.382,26.37,18785
2016/03/09,26.37,27.454,25.738,25.918,779
2016/03/10,27.905,27.905,26.64,27.091,2340
2016/03/11,27.454,27.545,26.55,27.454,17358
2016/03/14,27.634,27.634,26.911,27.182,2280
2016/03/15,25.918,27.091,25.918,26.64,5358
2016/03/16,27.001,27.001,25.738,26.189,163
2016/03/17,26.911,26.911,26.189,26.37,122
2016/03/18,26.55,26.822,26.28,26.28,8859
2016/03/21,26.64,26.64,26.189,26.189,1003
2016/03/22,26.55,26.64,26.55,26.55,27153
2016/03/23,26.64,26.64,26.461,26.64,7621
2016/03/24,26.64,27.634,26.189,27.634,40222
2016/03/28,27.091,27.091,26.55,26.64,10529
2016/03/29,27.363,27.363,26.461,26.55,1689
2016/03/30,26.461,27.001,26.189,26.189,1099
2016/03/31,26.189,26.189,25.107,25.285,5295
2016/04/01,25.196,26.64,25.014,25.918,7550
2016/04/04,26.189,26.461,25.829,25.829,6611
2016/04/05,26.189,26.461,26.009,26.461,3444
2016/04/06,26.64,26.64,26.098,26.461,1045
2016/04/07,26.461,27.274,26.37,26.73,8495
2016/04/08,26.461,27.001,26.098,26.189,12438
2016/04/11,26.189,26.189,25.918,25.918,6383
2016/04/12,25.918,26.189,25.918,25.918,3793
2016/04/13,25.829,26.009,25.285,25.285,19983
2016/04/14,25.285,25.285,22.487,22.487,8472
2016/04/15,22.757,23.479,20.77,21.493,21837
2016/04/18,21.674,22.307,21.222,21.222,6428
2016/04/19,21.222,21.945,21.222,21.853,3715
2016/04/20,22.035,22.035,21.132,21.403,1927
2016/04/21,21.403,22.577,21.403,22.126,6957
2016/04/22,22.126,23.479,22.126,23.119,27795
2016/04/25,22.757,22.846,22.307,22.307,6727
2016/04/26,22.215,22.577,21.674,22.397,4855
2016/04/27,21.853,22.757,21.853,22.577,1392
2016/04/28,23.119,23.39,22.397,22.397,22590
2016/04/29,21.853,22.487,21.403,22.397,5918
2016/05/02,22.577,22.577,22.035,22.307,1420
2016/05/03,22.307,22.577,22.126,22.215,1575
2016/05/04,22.846,22.846,22.215,22.307,1069
2016/05/05,22.487,22.487,21.042,21.674,11255
2016/05/06,21.945,22.577,21.945,22.577,2816
2016/05/09,22.577,22.937,22.035,22.035,8324
2016/05/10,21.945,22.035,21.764,21.853,715
2016/05/11,21.132,21.764,20.951,20.951,24405
2016/05/12,21.403,21.403,20.77,20.77,3119
2016/05/13,21.222,21.222,20.77,21.132,592
2016/05/16,21.132,21.132,20.591,21.042,6694
2016/05/17,20.77,21.222,20.77,21.042,2332
2016/05/18,20.591,20.951,20.409,20.951,3235
2016/05/19,20.591,21.042,20.591,21.042,2032
2016/05/20,21.042,21.042,20.591,20.591,3083
2016/05/23,20.409,20.77,20.409,20.77,8213
2016/05/24,21.132,21.403,20.681,20.77,41867
2016/05/25,21.132,21.132,20.77,20.951,7364
2016/05/26,21.313,22.035,21.313,21.493,36169
2016/05/27,21.493,22.126,21.403,21.493,20679
2016/05/31,22.126,22.126,21.583,21.764,4651
2016/06/01,21.853,22.126,21.583,22.035,4164
2016/06/02,22.215,22.846,21.853,22.397,24095
2016/06/03,22.668,22.757,22.397,22.668,10965
2016/06/06,22.668,23.029,22.397,22.487,6856
2016/06/07,22.577,22.577,21.853,22.126,9998
2016/06/08,21.945,22.215,21.945,22.126,3755
2016/06/09,22.215,22.577,21.853,22.397,13138
2016/06/10,22.487,22.668,22.215,22.668,13943
2016/06/13,22.668,23.39,22.487,22.577,32457
2016/06/14,22.757,23.479,22.668,23.299,14501
2016/06/15,24.382,26.37,23.931,25.738,33802
2016/06/16,26.189,26.37,24.925,25.285,22212
2016/06/17,25.376,26.009,24.021,24.021,20116
2016/06/20,24.835,24.835,24.112,24.112,15262
2016/06/21,24.653,24.653,24.112,24.382,6686
2016/06/22,24.382,24.563,23.661,24.203,11562
2016/06/23,24.021,24.112,23.661,23.751,16594
2016/06/24,23.931,24.473,23.931,24.021,20175
2016/06/27,24.473,24.473,24.021,24.203,5862
2016/06/28,23.842,24.203,23.842,24.203,2430
2016/06/29,24.382,24.746,23.931,24.563,10212
2016/06/30,24.746,24.925,24.112,24.925,8922
2016/07/01,25.556,26.009,25.285,25.918,30551
2016/07/05,26.461,26.55,25.918,26.098,18144
2016/07/06,26.37,26.911,26.098,26.64,14209
2016/07/07,26.73,27.545,26.37,26.461,43434
2016/07/08,26.64,27.091,26.189,26.822,10194
2016/07/11,27.363,27.363,26.461,27.091,11996
2016/07/12,27.001,27.182,26.55,26.64,4763
2016/07/13,27.001,28.447,26.822,27.994,42931
2016/07/14,28.266,29.079,27.545,28.808,51715
2016/07/15,28.538,29.168,28.266,28.717,21757
2016/07/18,28.626,29.168,28.626,28.717,9672
2016/07/19,28.626,28.626,27.905,28.085,11313
2016/07/20,28.266,28.266,27.454,27.724,17188
2016/07/21,27.545,27.815,27.182,27.363,18534
2016/07/22,27.363,27.994,27.363,27.454,16832
2016/07/25,27.634,28.085,27.634,27.994,13840
2016/07/26,27.994,28.266,27.454,27.724,27033
2016/07/27,27.905,27.905,27.454,27.545,16114
2016/07/28,27.905,27.905,26.37,26.64,43470
2016/07/29,26.009,26.009,25.376,25.556,12830
2016/08/01,25.556,25.647,23.931,24.382,37747
2016/08/02,24.382,24.473,23.661,23.842,34939
2016/08/03,24.021,24.382,23.931,24.293,3521
2016/08/04,24.746,25.285,24.746,25.107,2776
2016/08/05,25.556,25.829,22.577,23.751,387721
2016/08/08,24.112,24.112,23.661,23.661,13741
2016/08/09,23.751,23.931,23.299,23.479,12084
2016/08/10,24.021,24.653,23.479,24.473,64159
2016/08/11,24.835,25.647,24.835,25.196,59730
2016/08/12,25.376,26.009,25.014,25.556,42232
2016/08/15,25.376,25.647,25.196,25.196,21084
2016/08/16,25.196,25.376,24.746,25.107,26548
2016/08/17,25.196,25.647,24.835,25.107,46650
2016/08/18,25.285,26.37,25.285,26.098,59523
2016/08/19,26.189,27.994,26.098,26.822,88786
2016/08/22,27.091,27.274,26.55,26.55,22019
2016/08/23,26.37,26.37,25.738,25.738,21899
2016/08/24,25.285,25.285,24.382,24.746,39406
2016/08/25,24.653,25.014,24.293,24.746,7688
2016/08/26,25.014,25.107,24.382,24.835,15463
2016/08/29,24.473,24.746,24.382,24.653,17834
2016/08/30,24.746,25.738,24.746,25.285,26480
2016/08/31,25.466,25.466,24.473,24.473,14975
2016/09/01,23.931,24.112,23.21,23.751,57293
2016/09/02,23.842,24.203,23.661,24.203,13180
2016/09/06,23.842,24.203,23.39,24.021,17887
2016/09/07,24.112,24.473,23.842,24.112,7854
2016/09/08,23.842,24.653,23.842,24.653,14382
2016/09/09,24.835,25.738,24.835,25.466,21133
2016/09/12,25.376,25.376,25.014,25.014,18494
2016/09/13,24.835,25.556,24.835,25.196,9497
2016/09/14,25.196,25.556,24.653,25.196,4561
2016/09/15,25.107,25.285,24.925,25.196,4154
2016/09/16,25.285,25.738,25.285,25.466,8339
2016/09/19,25.647,25.829,25.466,25.738,12096
2016/09/20,25.738,25.738,25.285,25.376,5339
2016/09/21,25.285,26.098,25.285,26.009,14943
2016/09/22,26.28,26.37,25.829,26.098,16917
2016/09/23,26.55,26.911,26.28,26.73,119867
2016/09/26,26.822,27.182,26.55,26.55,68808
2016/09/27,26.822,26.822,25.466,25.738,43661
2016/09/28,25.829,26.37,25.829,26.009,30371
2016/09/29,25.829,26.098,25.829,25.918,2668
2016/09/30,26.009,26.37,25.829,25.918,29429
2016/10/03,25.738,25.829,24.835,24.835,22480
2016/10/04,25.014,25.196,24.112,24.563,42023
2016/10/05,24.653,24.746,24.382,24.382,15481
2016/10/06,24.835,24.835,24.382,24.563,3762
2016/10/07,24.746,24.746,24.473,24.746,7775
2016/10/10,24.835,24.925,23.931,24.021,43221
2016/10/11,23.931,24.382,23.931,24.293,4695
2016/10/12,24.382,24.563,23.751,24.473,15153
2016/10/13,24.293,24.563,24.021,24.382,11018
2016/10/14,24.653,25.466,24.473,25.196,20207
2016/10/17,24.746,25.196,24.653,25.014,11918
2016/10/18,25.107,25.107,24.563,24.925,5636
2016/10/19,25.107,25.556,24.925,25.285,20306
2016/10/20,25.466,25.829,25.285,25.285,11815
2016/10/21,24.653,24.925,24.473,24.473,8672
2016/10/24,24.925,25.738,24.563,25.285,29902
2016/10/25,25.285,26.822,25.014,25.738,62274
2016/10/26,26.098,26.55,25.738,25.829,40086
2016/10/27,26.189,27.001,26.189,27.001,46537
2016/10/28,26.822,27.454,26.28,27.091,31691
2016/10/31,26.822,27.182,26.461,26.64,16233
2016/11/01,26.37,26.64,25.556,26.189,36672
2016/11/02,26.189,26.189,25.829,26.189,3209
2016/11/03,25.829,26.009,25.738,26.009,9288
2016/11/04,26.098,26.461,26.009,26.37,16179
2016/11/07,26.911,27.545,26.64,27.545,24930
2016/11/08,27.545,28.626,27.091,27.091,115017
2016/11/09,27.545,27.545,26.822,27.091,34154
2016/11/10,28.176,28.266,27.905,28.266,36257
2016/11/11,28.085,28.447,27.545,28.176,21803
2016/11/14,27.994,28.717,27.724,28.085,24693
2016/11/15,27.994,28.176,27.363,27.454,20552
2016/11/16,27.545,27.545,27.001,27.454,11890
2016/11/17,27.545,27.545,26.822,26.911,5709
2016/11/18,27.091,27.182,26.28,26.37,5242
2016/11/21,26.55,26.822,26.37,26.73,9196
2016/11/22,26.461,26.911,26.461,26.64,7787
2016/11/23,26.822,26.822,26.64,26.73,4335
2016/11/25,27.001,27.091,26.64,26.64,14843
2016/11/28,26.55,26.64,25.829,25.829,16949
2016/11/29,25.738,26.009,25.738,25.829,8678
2016/11/30,26.009,26.461,25.918,26.461,6246
2016/12/01,26.55,26.64,26.37,26.64,11893
2016/12/02,26.73,26.73,26.37,26.64,19467
2016/12/05,26.911,27.001,26.64,26.911,3803
2016/12/06,27.182,27.724,27.182,27.545,11015
2016/12/07,28.085,28.176,27.634,27.634,10719
2016/12/08,27.905,27.994,27.634,27.724,14898
2016/12/09,27.905,27.994,27.274,27.363,17512
2016/12/12,27.815,27.994,27.545,27.994,14830
2016/12/13,27.994,28.085,27.363,27.634,5344
2016/12/14,27.815,27.905,26.73,27.454,10437
2016/12/15,27.454,28.447,27.274,27.815,34815
2016/12/16,27.994,27.994,27.634,27.634,4371
2016/12/19,27.905,27.905,27.454,27.724,6397
2016/12/20,27.363,27.634,27.182,27.363,6041
2016/12/21,27.363,27.454,27.001,27.091,15415
2016/12/22,26.911,27.091,26.28,26.911,19613
2016/12/23,26.911,27.454,26.911,27.182,13984
2016/12/27,27.091,27.363,26.64,26.822,7776
2016/12/28,26.73,27.001,26.73,26.822,9004
2016/12/29,27.001,27.001,26.55,26.73,18692
2016/12/30,26.73,27.001,26.64,26.73,11245
2017/01/03,26.822,26.822,26.55,26.64,3236
2017/01/04,26.55,26.64,26.189,26.64,15098
2017/01/05,26.64,26.911,26.461,26.55,18946
2017/01/06,26.55,26.55,25.918,26.28,18241
2017/01/09,26.189,26.73,26.189,26.37,10643
2017/01/10,26.73,26.73,26.461,26.461,8426
2017/01/11,26.55,26.64,26.37,26.461,6839
2017/01/12,26.73,26.73,25.918,26.098,10429
2017/01/13,26.37,26.37,25.466,25.647,39317
2017/01/17,25.466,25.556,25.196,25.285,18592
2017/01/18,25.196,25.918,25.196,25.738,39741
2017/01/19,25.829,26.098,25.829,25.829,7498
2017/01/20,25.647,26.098,25.556,26.098,10576
2017/01/23,26.461,26.64,26.189,26.28,18433
2017/01/24,28.538,28.899,27.545,27.545,175651
2017/01/25,27.905,28.357,27.815,28.085,49314
2017/01/26,28.266,28.538,28.085,28.266,18284
2017/01/27,27.815,27.994,27.634,27.905,9925
2017/01/30,27.815,28.085,27.634,27.905,14064
2017/01/31,28.357,28.717,28.357,28.447,35168
2017/02/01,28.717,30.073,28.626,29.8,101297
2017/02/02,30.254,31.336,30.254,31.245,99490
2017/02/03,31.245,31.245,30.162,30.162,37390
2017/02/06,30.433,30.977,30.162,30.342,35025
2017/02/07,30.704,30.794,30.254,30.704,27129
2017/02/08,30.704,31.518,30.433,31.518,43511
2017/02/09,31.608,32.871,31.608,32.511,53700
2017/02/10,32.511,33.233,32.33,32.961,55592
2017/02/13,33.053,33.053,32.059,32.871,24783
2017/02/14,32.42,33.142,32.42,32.693,54473
2017/02/15,32.693,32.782,32.42,32.511,20491
2017/02/16,32.42,33.233,32.42,32.782,29527
2017/02/17,32.871,32.961,32.511,32.693,22134
2017/02/21,32.511,32.871,32.511,32.693,30099
2017/02/22,32.33,32.511,32.059,32.33,39659
2017/02/23,32.42,35.221,32.42,33.865,38163
2017/02/24,34.677,34.948,34.316,34.497,36263
2017/02/27,34.858,35.221,34.138,34.316,52055
2017/02/28,34.769,34.769,33.233,33.955,20465
2017/03/01,33.504,35.852,33.504,35.672,25067
2017/03/02,36.032,36.846,35.49,36.123,40731
2017/03/03,36.846,39.645,36.123,38.832,40506
2017/03/06,40.458,41.089,38.381,38.742,30349
2017/03/07,38.381,38.742,36.846,37.025,23888
2017/03/08,37.477,39.285,37.206,38.742,41763
2017/03/09,39.285,40.186,38.832,39.375,68762
2017/03/10,39.735,39.735,38.832,39.013,12601
2017/03/13,39.103,39.553,37.477,38.2,27778
2017/03/14,37.93,38.109,37.568,37.93,20066
2017/03/15,37.658,39.375,37.025,39.013,29283
2017/03/16,39.735,40.278,38.922,39.192,26389
2017/03/17,39.285,39.285,38.019,38.832,13037
2017/03/20,39.285,40.458,39.285,40.368,42670
2017/03/21,40.548,41.541,39.464,40.186,61360
2017/03/22,40.819,41.903,40.368,41.722,30295
2017/03/23,41.451,42.173,40.638,41.632,38271
2017/03/24,41.451,41.722,40.638,41.541,23900
2017/03/27,41.451,41.903,41.18,41.813,26730
2017/03/28,41.903,43.167,41.903,43.167,22484
2017/03/29,43.346,45.063,43.346,44.251,39959
2017/03/30,43.799,46.96,42.896,46.509,24292
2017/03/31,47.5,50.572,47.5,49.67,42618
2017/04/03,51.024,51.384,47.864,48.495,55589
2017/04/04,47.864,48.766,46.056,46.96,32731
2017/04/05,47.864,48.766,47.864,48.675,19214
2017/04/06,50.572,52.016,50.572,51.836,42312
2017/04/07,52.468,53.732,50.753,52.379,44571
2017/04/10,53.101,53.191,46.147,51.475,35795
2017/04/11,50.482,51.655,49.399,49.94,27823
2017/04/12,50.03,51.114,50.03,50.301,28564
2017/04/13,50.572,52.74,50.211,52.379,15196
2017/04/17,53.371,54.094,51.114,51.294,30709
2017/04/18,50.572,51.024,43.799,49.488,27092
2017/04/19,48.405,49.67,48.314,49.67,17789
2017/04/20,50.12,51.294,49.308,49.308,17808
2017/04/21,49.308,49.308,48.495,48.766,6846
2017/04/24,48.314,49.488,47.953,49.488,11999
2017/04/25,50.572,51.475,48.766,49.216,22967
2017/04/26,49.216,49.67,48.947,49.127,7815
2017/04/27,49.579,49.579,48.495,49.216,12733
2017/04/28,49.037,49.037,46.509,46.87,25429
2017/05/01,46.509,46.779,45.244,46.688,15238
2017/05/02,46.779,47.771,46.688,47.232,4930
2017/05/03,46.87,46.87,46.237,46.688,6189
2017/05/04,46.96,47.232,45.967,46.056,17308
2017/05/05,46.509,46.96,45.696,45.696,6086
2017/05/08,45.605,45.605,43.619,43.619,32273
2017/05/09,42.805,43.257,42.535,43.078,19011
2017/05/10,44.161,44.882,44.069,44.793,12360
2017/05/11,45.696,45.967,45.424,45.967,22126
2017/05/12,46.056,48.766,46.056,48.314,20620
2017/05/15,48.766,49.216,47.41,48.044,23776
2017/05/16,48.405,50.301,48.405,49.67,20579
2017/05/17,50.12,50.482,49.399,49.849,47883
2017/05/18,49.849,50.03,48.947,49.67,9902
2017/05/19,49.76,50.12,48.766,48.856,7508
2017/05/22,49.216,50.932,48.947,50.664,43060
2017/05/23,51.475,53.101,51.384,52.74,40328
2017/05/24,52.74,52.74,50.664,51.475,16992
2017/05/25,51.114,51.475,48.856,49.76,25712
2017/05/26,49.67,50.12,49.037,49.216,9023
2017/05/30,49.216,50.211,46.509,47.771,16927
2017/05/31,47.771,47.771,45.244,45.876,26306
2017/06/01,45.244,46.056,44.522,45.876,20548
2017/06/02,46.056,46.417,45.153,45.786,8433
2017/06/05,46.147,46.509,44.972,44.972,10578
2017/06/06,45.063,47.41,44.34,46.96,22396
2017/06/07,48.766,48.856,46.417,46.96,29246
2017/06/08,46.599,48.495,46.509,48.044,20136
2017/06/09,47.771,48.675,47.771,48.134,12894
2017/06/12,47.953,48.766,47.953,47.953,6473
2017/06/13,48.675,49.67,47.41,47.41,13038
2017/06/14,47.953,48.766,47.051,47.592,7540
2017/06/15,47.592,47.953,46.96,47.864,10982
2017/06/16,47.592,48.044,47.592,47.592,4296
2017/06/19,47.232,47.953,46.96,47.864,2739
2017/06/20,48.134,48.134,47.232,47.592,7789
2017/06/21,47.41,48.134,47.41,47.592,5110
2017/06/22,47.592,48.134,47.232,47.864,2395
2017/06/23,46.96,47.771,45.153,45.786,15915
2017/06/26,45.786,45.786,44.251,44.251,23634
2017/06/27,44.161,44.251,43.257,44.251,17563
2017/06/28,43.799,43.89,41.451,42.444,23251
2017/06/29,43.346,43.979,42.716,43.346,19434
2017/06/30,44.161,44.793,43.89,44.069,5897
2017/07/03,44.251,44.432,42.535,42.896,9494
2017/07/05,42.625,42.805,41.541,42.444,7008
2017/07/06,42.805,43.799,42.444,43.799,3581
2017/07/07,43.709,43.709,42.986,43.437,4265
2017/07/10,43.346,44.612,43.346,44.251,17046
2017/07/11,44.612,45.424,43.799,44.069,33423
2017/07/12,43.89,44.251,43.257,44.251,19151
2017/07/13,44.612,44.612,43.257,43.346,7079
2017/07/14,42.896,43.346,42.716,43.346,3246
2017/07/17,43.346,44.251,43.346,44.251,9022
2017/07/18,45.424,46.96,45.424,45.516,31783
2017/07/19,45.244,45.516,44.34,45.063,11275
2017/07/20,45.153,45.696,44.882,45.605,7377
2017/07/21,46.056,46.779,45.605,46.056,93335
2017/07/24,46.87,46.96,45.153,45.153,13090
2017/07/25,45.153,45.516,44.251,45.063,2970
2017/07/26,45.605,45.696,44.432,45.424,4684
2017/07/27,45.063,45.424,44.882,45.334,6957
2017/07/28,45.424,45.696,45.153,45.334,11826
2017/07/31,45.605,46.056,45.153,46.056,5971
2017/08/01,46.056,46.599,45.605,46.147,12731
2017/08/02,46.056,46.056,44.701,45.063,6845
2017/08/03,45.153,46.056,44.972,46.056,5557
2017/08/04,45.424,46.328,45.334,46.328,2515
2017/08/07,46.056,47.321,46.056,46.779,3141
2017/08/08,46.96,48.314,46.96,48.044,10969
2017/08/09,48.314,48.495,46.599,47.41,14580
2017/08/10,47.14,47.864,46.599,46.87,6892
2017/08/11,47.051,48.134,46.147,46.509,8615
2017/08/14,46.237,47.232,45.605,46.417,8770
2017/08/15,46.417,47.321,45.605,47.051,8155
2017/08/16,47.051,47.321,46.509,46.779,21863
2017/08/17,46.96,46.96,45.244,45.334,15712
2017/08/18,45.334,46.417,43.89,45.876,69083
2017/08/21,46.056,46.417,44.251,45.063,12740
2017/08/22,45.424,46.328,45.153,45.605,14750
2017/08/23,45.696,46.147,45.605,45.876,4853
2017/08/24,46.056,46.056,44.432,44.882,10698
2017/08/25,44.882,45.153,44.432,44.882,16498
2017/08/28,44.972,45.153,44.432,45.063,11339
2017/08/29,45.153,45.244,44.701,45.153,8191
2017/08/30,44.793,45.334,44.432,44.882,7894
2017/08/31,44.701,44.701,41.903,43.257,12733
2017/09/01,41.269,42.986,41.269,42.805,13081
2017/09/05,42.716,43.167,42.084,42.444,13776
2017/09/06,42.986,43.167,42.444,43.078,5219
2017/09/07,42.986,43.078,42.716,42.896,7496
2017/09/08,42.896,43.528,42.896,43.078,8869
2017/09/11,43.078,43.89,43.078,43.709,4317
2017/09/12,43.799,43.979,43.257,43.89,10497
2017/09/13,43.89,43.89,43.167,43.346,21929
2017/09/14,43.257,43.346,42.173,42.444,44142
2017/09/15,42.625,42.625,42.262,42.262,28834
2017/09/18,42.444,42.444,42.084,42.173,16986
2017/09/19,42.444,43.078,41.541,41.994,18652
2017/09/20,42.444,42.986,42.173,42.896,19705
2017/09/21,43.257,44.069,43.257,43.528,20031
2017/09/22,44.069,44.882,43.619,44.701,39461
2017/09/25,44.972,45.516,43.89,43.89,24489
2017/09/26,43.619,44.701,43.346,44.612,14738
2017/09/27,44.701,44.701,44.251,44.251,8147
2017/09/28,43.709,43.709,42.444,43.528,16322
2017/09/29,43.346,43.346,42.535,43.346,10763
2017/10/02,43.528,44.069,43.528,43.979,12489
2017/10/03,43.89,44.793,43.89,44.793,12313
2017/10/04,45.244,45.605,43.799,45.516,31109
2017/10/05,46.056,48.044,46.056,48.044,88277
2017/10/06,48.495,48.766,47.051,48.044,31077
2017/10/09,48.134,48.314,47.41,47.592,7941
2017/10/10,47.14,48.314,47.14,47.864,31547
2017/10/11,47.864,48.675,47.5,48.675,38568
2017/10/12,48.675,48.766,46.688,47.771,23254
2017/10/13,47.41,47.864,46.96,47.771,11895
2017/10/16,46.688,46.96,46.147,46.96,15920
2017/10/17,46.147,47.232,46.147,47.232,7131
2017/10/18,46.96,47.771,45.605,46.147,19160
2017/10/19,45.244,46.688,45.244,46.509,15146
2017/10/20,46.96,46.96,46.147,46.147,25552
2017/10/23,46.509,46.779,45.605,45.967,13214
2017/10/24,46.056,46.056,44.793,45.063,35666
2017/10/25,45.153,45.334,45.153,45.334,8813
2017/10/26,45.605,46.237,45.334,46.056,9891
2017/10/27,46.509,46.87,45.786,46.056,14069
2017/10/30,46.509,47.771,45.696,47.5,35288
2017/10/31,47.864,48.495,47.771,47.864,19301
2017/11/01,47.592,48.314,47.592,48.134,8794
2017/11/02,48.224,48.314,47.771,48.224,7355
2017/11/03,47.771,47.864,47.5,47.771,9201
2017/11/06,47.41,47.771,46.96,47.771,8371
2017/11/07,47.864,47.953,47.232,47.864,4672
2017/11/08,47.771,47.864,47.41,47.864,2894
2017/11/09,47.864,49.308,47.771,48.675,24038
2017/11/10,48.585,48.585,47.953,48.134,11714
2017/11/13,48.044,48.766,48.044,48.766,4253
2017/11/14,49.037,50.03,49.037,49.488,15050
2017/11/15,49.67,49.67,49.308,49.488,7942
2017/11/16,49.579,50.03,49.308,49.488,7507
2017/11/17,49.488,50.03,48.856,49.67,9876
2017/11/20,50.12,50.12,49.67,49.94,31780
2017/11/21,50.03,50.211,49.849,49.94,6863
2017/11/22,49.94,50.03,49.849,49.94,25932
2017/11/24,50.12,50.12,47.953,48.766,21604
2017/11/27,48.947,49.579,48.856,49.216,8746
2017/11/28,49.216,50.12,49.216,49.76,16625
2017/11/29,49.488,50.03,49.308,49.849,5608
2017/11/30,49.76,50.391,49.76,50.12,3467
2017/12/01,49.849,50.391,49.67,50.391,8808
2017/12/04,50.301,50.932,50.12,50.932,8465
2017/12/05,51.114,51.747,51.114,51.565,12850
2017/12/06,51.836,52.379,51.294,51.475,25400
2017/12/07,51.836,51.836,50.391,51.024,23724
2017/12/08,51.475,51.926,50.482,50.572,5881
2017/12/11,49.67,50.211,46.147,49.216,6927
2017/12/12,48.766,49.67,46.96,49.579,9770
2017/12/13,49.399,50.572,48.314,50.572,20424
2017/12/14,50.572,50.572,49.127,49.67,6202
2017/12/15,48.766,49.849,48.766,49.67,3303
2017/12/18,49.579,49.94,49.216,49.67,7054
2017/12/19,49.849,50.572,49.849,50.301,3692
2017/12/20,50.12,50.664,50.12,50.664,7497
2017/12/21,50.301,50.572,49.67,50.391,3349
2017/12/22,50.572,50.753,50.301,50.391,9272
2017/12/26,50.391,50.843,50.211,50.211,3343
2017/12/27,50.12,50.572,49.579,50.572,12500
2017/12/28,50.843,51.475,49.849,51.475,16105
2017/12/29,51.565,52.83,51.475,52.83,5606
2018/01/02,52.83,52.83,51.926,52.83,6156
2018/01/03,52.558,52.83,52.288,52.83,3077
2018/01/04,52.288,52.468,51.565,52.379,7383
2018/01/05,53.01,53.01,52.108,52.108,7419
2018/01/08,52.288,52.288,52.016,52.016,685
2018/01/09,51.926,52.108,51.114,52.108,9153
2018/01/10,52.108,52.199,51.475,51.475,2574
2018/01/11,51.475,52.016,51.475,51.926,2549
2018/01/12,51.926,51.926,49.216,49.76,22538
2018/01/16,49.76,50.572,49.67,50.572,8624
2018/01/17,50.12,50.12,48.856,49.308,15702
2018/01/18,49.308,49.488,48.405,49.488,1520
2018/01/19,49.67,49.67,48.766,48.766,2514
2018/01/22,49.488,49.488,47.864,49.216,14678
2018/01/23,48.766,49.216,48.044,48.675,8352
2018/01/24,49.216,49.67,48.766,48.856,984
2018/01/25,48.766,49.216,48.405,48.947,3097
2018/01/26,49.399,49.399,48.675,49.037,7995
2018/01/29,49.579,49.579,48.947,49.488,3894
2018/01/30,49.579,49.579,49.308,49.579,6873
2018/01/31,49.67,50.391,49.579,49.94,418
2018/02/01,50.391,51.024,49.308,51.024,9541
2018/02/02,51.024,51.024,50.572,50.572,580
2018/02/05,49.76,50.572,49.67,50.572,10935
2018/02/06,50.301,50.572,49.849,50.572,3144
2018/02/07,50.03,51.024,50.03,51.024,17960
2018/02/08,51.024,51.024,50.12,50.753,2933
2018/02/09,49.849,51.024,49.849,50.753,1448
2018/02/12,51.204,51.204,50.572,50.843,15771
2018/02/13,50.843,51.475,50.843,51.475,1152
2018/02/14,51.926,51.926,51.475,51.655,3090
2018/02/15,51.655,51.926,51.475,51.475,20259
2018/02/16,51.384,51.926,50.301,50.572,2599
2018/02/20,50.572,50.932,49.67,50.572,5044
2018/02/21,49.67,50.843,49.579,50.843,2172
2018/02/22,50.572,51.475,50.301,51.475,1155
2018/02/23,51.565,51.565,51.024,51.475,1463
2018/02/26,51.655,51.655,51.384,51.565,392
2018/02/27,51.565,51.565,51.475,51.565,320
2018/02/28,50.753,51.475,50.753,51.475,382
2018/03/01,51.204,51.475,51.204,51.475,638
2018/03/02,51.024,51.204,50.572,51.204,960
2018/03/05,51.204,51.204,50.664,51.024,1450
2018/03/06,51.024,51.475,51.024,51.475,2932
2018/03/07,51.475,51.475,51.024,51.024,1865
2018/03/08,51.475,51.836,51.024,51.655,2161
2018/03/09,51.836,52.379,51.475,52.379,4376
2018/03/12,52.379,54.094,52.379,54.094,14280
2018/03/13,54.094,57.795,54.094,56.532,8575
2018/03/14,56.442,56.442,54.275,54.908,3510
2018/03/15,54.908,54.908,52.74,53.643,3115
2018/03/16,53.732,54.546,53.643,54.546,2433
2018/03/19,54.546,55.901,54.185,54.364,4232
2018/03/20,54.275,55.267,54.185,54.456,2808
2018/03/21,54.185,54.726,53.823,54.726,3857
2018/03/22,55.086,55.086,53.823,54.185,5165
2018/03/23,54.185,55.991,54.185,55.629,59799
2018/03/26,56.442,58.067,56.442,57.163,5250
2018/03/27,57.346,59.965,57.346,59.331,8881
2018/03/28,59.603,62.311,59.603,61.409,20767
2018/03/29,61.498,61.86,58.878,58.878,6343
2018/04/02,58.248,59.603,58.067,59.241,2644
2018/04/03,59.965,59.965,58.248,58.338,1961
2018/04/04,58.7,59.331,57.705,58.61,2104
2018/04/05,58.878,59.512,58.7,59.151,669
2018/04/06,59.241,59.603,59.151,59.151,851
2018/04/09,59.603,59.603,58.43,59.061,1201
2018/04/10,59.061,59.422,58.248,59.422,947
2018/04/11,58.61,58.878,58.61,58.61,828
2018/04/12,58.7,58.79,56.442,56.442,1775
2018/04/13,56.442,56.895,55.177,55.991,2586
2018/04/16,55.991,57.346,55.991,56.895,2262
2018/04/17,56.895,56.895,55.901,55.901,2452
2018/04/18,55.267,56.442,55.177,56.352,1850
2018/04/19,56.352,56.352,55.539,55.991,2577
2018/04/20,57.346,58.158,57.255,57.887,3328
2018/04/23,58.248,58.248,57.346,58.067,2848
2018/04/24,57.887,58.067,57.795,57.887,1142
2018/04/25,58.067,58.067,57.346,57.795,5390
2018/04/26,57.795,58.43,57.795,57.795,8976
2018/04/27,57.346,57.795,57.346,57.436,2700
2018/04/30,57.436,57.705,57.436,57.705,7943
2018/05/01,57.436,58.248,57.436,57.616,2665
2018/05/02,57.616,58.067,57.436,57.978,2298
2018/05/03,57.527,57.795,57.346,57.527,3192
2018/05/04,56.442,57.436,55.539,57.346,2891
2018/05/07,56.802,57.436,56.352,57.346,5941
2018/05/08,57.436,57.795,57.436,57.795,2104
2018/05/09,57.795,57.887,57.795,57.887,963
2018/05/10,57.978,58.248,57.795,58.248,791
2018/05/11,59.151,59.151,58.7,58.878,8870
2018/05/14,59.151,59.512,58.971,59.151,7108
2018/05/15,59.241,59.241,58.7,59.151,6058
2018/05/16,58.248,58.971,58.248,58.61,3217
2018/05/17,58.248,58.61,58.248,58.43,2636
2018/05/18,57.795,58.248,57.795,58.248,1193
2018/05/21,57.795,58.248,57.795,57.978,2342
2018/05/22,57.887,58.248,57.795,58.248,2014
2018/05/23,58.158,58.7,58.158,58.338,1362
2018/05/24,58.7,58.7,58.158,58.248,6922
2018/05/25,58.067,58.248,57.887,58.158,1080
2018/05/29,58.067,58.519,57.978,58.338,1058
2018/05/30,58.067,58.519,58.067,58.248,13790
2018/05/31,57.887,58.158,57.887,57.887,6742
2018/06/01,57.978,58.7,57.978,58.158,3122
2018/06/04,57.795,58.067,57.795,57.978,2478
2018/06/05,57.795,58.519,57.795,57.978,19419
2018/06/06,57.978,58.79,57.978,58.067,2642
2018/06/07,57.978,58.7,57.978,58.067,793
2018/06/08,58.878,58.878,58.338,58.338,801
2018/06/11,58.7,59.512,58.338,59.512,2832
2018/06/12,59.603,59.603,58.971,59.603,1099
2018/06/13,59.603,61.228,59.603,60.506,25581
2018/06/14,60.506,60.867,60.506,60.596,2401
2018/06/15,60.957,60.957,60.414,60.506,26424
2018/06/18,60.596,61.139,60.506,61.139,1028
2018/06/19,61.228,61.318,60.506,61.139,1375
2018/06/20,62.764,62.764,61.68,61.68,2120
2018/06/21,61.139,62.311,61.048,62.222,13981
2018/06/22,62.583,64.117,62.583,64.117,23520
2018/06/25,64.117,65.021,63.667,63.667,10278
2018/06/26,64.117,64.117,63.126,63.126,5285
2018/06/27,63.126,63.395,63.126,63.395,6336
2018/06/28,61.498,64.117,61.409,63.306,3224
2018/06/29,62.403,62.853,61.86,61.86,588
2018/07/02,61.86,61.86,61.409,61.86,3274
2018/07/03,61.59,63.306,60.957,62.764,2686
2018/07/05,62.492,62.492,62.311,62.311,1812
2018/07/06,61.409,63.215,61.409,62.311,3248
2018/07/09,62.311,63.215,62.132,62.403,486
2018/07/10,63.938,63.938,62.764,62.764,2344
2018/07/11,63.215,63.486,62.764,63.395,2620
2018/07/12,63.395,63.395,62.764,63.215,1743
2018/07/13,63.033,63.033,61.228,62.132,1235
2018/07/16,63.033,63.126,61.86,62.041,1262
2018/07/17,62.311,63.215,61.86,62.311,1109
2018/07/18,62.132,62.132,61.048,61.409,3430
2018/07/19,61.409,62.311,61.228,61.409,3322
2018/07/20,61.771,61.771,59.783,60.867,1821
2018/07/23,60.776,60.867,59.783,60.414,1176
2018/07/24,60.325,62.222,59.873,62.222,5025
2018/07/25,61.048,62.943,60.234,60.957,7774
2018/07/26,61.318,62.492,61.048,62.311,4710
2018/07/27,61.68,63.486,61.68,63.395,4186
2018/07/30,63.667,63.667,63.215,63.215,4065
2018/07/31,63.215,63.576,62.492,63.215,6371
2018/08/01,63.486,63.667,62.943,63.667,1789
2018/08/02,63.215,63.758,63.215,63.758,395
2018/08/03,63.215,63.938,63.215,63.758,867
2018/08/06,63.306,64.842,63.306,63.847,1101
2018/08/07,63.847,64.842,63.758,64.75,2091
2018/08/08,64.299,65.021,63.847,64.659,3863
2018/08/09,64.659,65.021,63.847,64.569,2492
2018/08/10,64.931,65.021,63.215,64.117,1415
2018/08/13,64.931,64.931,63.847,63.847,3085
2018/08/14,63.847,64.479,63.215,63.847,10474
2018/08/15,63.847,63.847,63.126,63.126,2222
2018/08/16,62.853,63.215,62.764,63.215,1628
2018/08/17,63.215,63.215,62.311,62.311,2846
2018/08/20,62.132,63.215,61.949,62.853,29366
2018/08/21,62.311,63.938,62.311,62.492,13913
2018/08/22,62.764,63.215,62.222,62.492,1928
2018/08/23,62.311,62.764,62.222,62.583,1360
2018/08/24,62.311,63.033,62.311,62.311,2706
2018/08/27,62.311,62.764,62.222,62.222,8046
2018/08/28,61.409,62.675,61.409,62.041,6594
2018/08/29,61.409,62.675,61.409,62.311,5101
2018/08/30,62.311,62.764,61.409,62.764,5558
2018/08/31,62.492,62.943,62.492,62.943,2092
2018/09/04,63.033,63.126,61.409,62.764,38182
2018/09/05,62.492,62.492,61.409,62.311,6863
2018/09/06,62.222,62.764,61.59,62.311,3406
2018/09/07,62.764,62.764,61.86,62.675,93
2018/09/10,62.764,63.033,62.041,62.764,3390
2018/09/11,62.943,62.943,61.228,62.492,6453
2018/09/12,62.492,63.126,62.492,62.583,8088
2018/09/13,62.943,63.126,62.675,62.675,1643
2018/09/14,62.943,62.943,61.68,62.132,431
2018/09/17,62.311,62.311,61.68,62.041,1014
2018/09/18,61.86,61.86,61.59,61.86,2314
2018/09/19,61.409,61.86,61.409,61.86,12952
2018/09/20,61.409,61.409,60.867,61.409,23957
2018/09/21,61.409,61.409,60.957,61.409,26041
2018/09/24,61.498,61.498,61.318,61.409,393
2018/09/25,61.409,61.409,60.325,60.325,20374
2018/09/26,60.596,60.957,59.873,60.506,4725
2018/09/27,60.506,61.409,60.506,61.409,26918
2018/09/28,61.86,63.576,61.048,63.033,23875
2018/10/01,63.215,63.395,61.409,63.126,3845
2018/10/02,62.492,63.126,62.403,63.126,6619
2018/10/03,62.492,63.215,61.771,62.311,2637
2018/10/04,61.68,62.675,61.139,61.139,3287
2018/10/05,61.409,62.132,60.687,61.048,4307
2018/10/08,61.86,61.86,60.776,61.409,884
2018/10/09,61.409,61.409,60.776,61.318,1028
2018/10/10,61.949,61.949,58.971,59.603,2747
2018/10/11,59.603,59.603,58.61,59.603,4252
2018/10/12,59.603,60.506,58.878,59.603,78540
2018/10/15,58.971,59.603,58.878,59.061,6729
2018/10/16,59.061,59.151,58.519,58.61,1518
2018/10/17,58.519,59.603,58.248,59.603,5691
2018/10/18,59.151,59.151,58.43,58.519,1372
2018/10/19,58.248,58.7,58.158,58.7,591
2018/10/22,58.067,58.519,55.811,57.887,9330
2018/10/23,56.352,57.795,56.352,57.795,1984
2018/10/24,56.712,57.255,55.448,56.08,2570
2018/10/25,55.991,55.991,51.475,51.475,18698
